DATE,semana,Importe gastado,Alcance,Clicks (FB),CPM,CTR unico,Añadidos al carrito,Pago inicado,Compras,Valor de conversion,ROAS - daily,AOV (daily),CPA - daily,CVR (daily),%Ticket,CPC (FB),Total Ad Spend (FB),Total carts,Cost per ATC,Total checkouts,Cost per checkout,Total sales,CPA - (from start),Valor total conv,Roas - (from start),AOV (lifetime),Click-to-cart ratio,Cart-to-purchase 
1/9/2024,Week 1,$0,0,0,,,0,0,0,,,#DIV/0!,#DIV/0!,#DIV/0!,#DIV/0!,#DIV/0!,"$0,00",0,#DIV/0!,0,#DIV/0!,0,#DIV/0!,,#DIV/0!,#DIV/0!,#DIV/0!,#DIV/0!
2/9/2024,,$0,0,0,,,0,0,0,,,#DIV/0!,#DIV/0!,#DIV/0!,#DIV/0!,"$0,00","$0,00",0,#DIV/0!,0,#DIV/0!,0,#DIV/0!,"$0,00",#DIV/0!,#DIV/0!,#DIV/0!,#DIV/0!
3/9/2024,,$3.399,3823,35,$705,"0,92%",2,,,,"0,00",#DIV/0!,#DIV/0!,"0,00%",#DIV/0!,"$0,00","$3.398,53",2,"$1.699,27",0,#DIV/0!,0,#DIV/0!,"$0,00","0,00",#DIV/0!,"5,71%","0,00%"
4/9/2024,,$40.929,29366,535,$689,"1,82%",46,19,4,$278.759,"6,81",$69.690,$10.232,"0,75%","14,68%","$76,50","$44.327,42",48,"$889,76",19,"$2.154,15",4,"$11.081,86","$278.759,00","6,29","$69.689,75","8,60%","8,70%"
5/9/2024,,$90.680,55309,1438,$714,"2,60%",86,52,7,$754.754,"8,32",$107.822,$12.954,"0,49%","12,01%","$63,06","$135.007,02",134,"$1.054,41",71,"$1.743,84",11,"$12.273,37","$1.033.513,00","7,66","$93.955,73","5,98%","8,14%"
6/9/2024,,$106.331,56587,1370,$822,"2,42%",68,46,6,$344.831,"3,24",$57.472,$17.722,"0,44%","30,84%","$77,61","$241.337,76",202,"$1.563,69",117,"$2.311,54",17,"$14.196,34","$1.378.344,00","5,71","$81.079,06","4,96%","8,82%"
7/9/2024,,$113.858,58275,1459,$914,"2,50%",71,37,11,$729.861,"6,41",$66.351,$10.351,"0,75%","15,60%","$78,04","$355.195,47",273,"$1.603,63",154,"$3.077,24",28,"$12.685,55","$2.108.205,00","5,94","$75.293,04","4,87%","15,49%"
8/9/2024,Week 2,$113.073,136338,1996,$575,"1,46%",90,44,6,$291.113,"2,57",$48.519,$18.845,"0,30%","38,84%","$56,65","$468.268,41",363,"$1.256,37",198,"$2.569,84",34,"$13.772,60","$2.399.317,50","5,12","$70.568,16","4,51%","6,67%"
9/9/2024,,$126.198,75667,1557,$811,"2,06%",101,63,20,$5.867.604,"46,50",$293.380,$6.310,"1,28%","2,15%","$81,05","$594.466,03",464,"$1.249,48",261,"$2.003,14",54,"$11.008,63","$8.266.921,00","13,91","$153.091,13","6,49%","19,80%"
10/9/2024,,$119.564,66287,1380,$875,"2,08%",72,39,7,$413.829,"3,46",$59.118,$17.081,"0,51%","28,89%","$86,64","$714.029,88",536,"$1.660,61",300,"$3.065,74",61,"$11.705,41","$8.680.750,00","12,16","$142.307,38","5,22%","9,72%"
11/9/2024,,$108.703,59415,1205,$920,"2,03%",58,41,12,$803.501,"7,39",$66.958,$9.059,"1,00%","13,53%","$0,00","$822.732,97",594,"$1.874,19",341,"$2.651,29",73,"$11.270,31","$9.484.251,00","11,53","$129.921,25","4,81%","20,69%"
12/9/2024,,$90.644,81090,1153,$819,"1,42%",57,30,7,$469.761,"5,18",$67.109,$12.949,"0,61%","19,30%","$0,00","$913.377,42",651,"$1.590,25",371,"$3.021,48",80,"$11.417,22","$9.954.012,00","10,90","$124.425,15","4,94%","12,28%"
13/9/2024,,$116.407,55635,1103,$1.172,"1,98%",55,33,10,$690.390,"5,93",$69.039,$11.641,"0,91%","16,86%","$105,54","$1.029.784,01",706,"$2.116,48",404,"$3.527,47",90,"$11.442,04","$10.644.402,00","10,34","$118.271,13","4,99%","18,18%"
14/9/2024,,$111.963,52538,1178,$1.171,"2,24%",76,45,8,$549.742,"4,91",$68.718,$13.995,"0,68%","20,37%","$95,05","$1.141.747,46",782,"$1.473,20",449,"$2.488,08",98,"$11.650,48","$11.194.144,00","9,80","$114.225,96","6,45%","10,53%"
15/9/2024,Week 3,$136.635,60248,1435,$1.116,"2,38%",852,372,44,$3.304.679,"24,19",$75.106,$3.105,"3,07%","4,13%","$95,22","$1.278.382,13",1.634,"$160,37",821,"$367,30",142,"$9.002,69","$14.498.823,00","11,34","$102.104,39","59,37%","5,16%"
16/9/2024,,$155.658,51018,1826,$1.110,"3,58%",679,324,41,$3.201.305,"20,57",$78.081,$3.797,"2,25%","4,86%","$85,25","$1.434.039,71",2.313,"$229,25",1145,"$480,42",183,"$7.836,28","$17.700.128,40","12,34","$96.722,01","37,19%","6,04%"
17/9/2024,,$144.792,57425,1650,$1.051,"2,87%",518,295,34,$2.402.796,"16,59",$70.670,$4.259,"2,06%","6,03%","$87,75","$1.578.831,45",2.831,"$279,52",1440,"$490,82",217,"$7.275,72","$20.102.924,40","12,73","$92.640,20","31,39%","6,56%"
18/9/2024,,$171.688,65266,1836,$1.020,"2,81%",426,240,31,$1.994.477,"11,62",$64.338,$5.538,"1,69%","8,61%","$93,51","$1.750.519,28",3.257,"$403,02",1680,"$715,37",248,"$7.058,55","$22.097.401,40","12,62","$89.102,43","23,20%","7,28%"
19/9/2024,,$184.039,77382,2044,$938,"2,64%",333,157,19,$1.576.757,"8,57",$82.987,$9.686,"0,93%","11,67%","$90,04","$1.934.557,87",3.590,"$552,67",1837,"$1.172,22",267,"$7.245,54","$23.674.158,40","12,24","$88.667,26","16,29%","5,71%"
20/9/2024,,$178.085,82790,1819,$922,"2,20%",317,136,22,$1.783.661,"10,02",$81.076,$8.095,"1,21%","9,98%","$97,90","$2.112.642,66",3.907,"$561,78",1973,"$1.309,45",289,"$7.310,18","$25.457.819,40","12,05","$88.089,34","17,43%","6,94%"
21/9/2024,,$178.177,86594,1728,$887,"2,00%",282,150,24,$1.764.341,"9,90",$73.514,$7.424,"1,39%","10,10%","$103,11","$2.290.819,48",4.189,"$631,83",2123,"$1.187,85",313,"$7.318,91","$27.222.160,40","11,88","$86.971,76","16,32%","8,51%"
22/9/2024,Week 4,$200.664,102294,2149,$822,"2,10%",350,194,22,$1.774.248,"8,84",$80.648,$9.121,"1,02%","11,31%","$93,38","$2.491.483,75",4.539,"$573,33",2317,"$1.034,35",335,"$7.437,26","$28.996.408,40","11,64","$86.556,44","16,29%","6,29%"
23/9/2024,,$88.763,52407,1056,$756,"2,01%",89,44,6,$353.627,"3,98",$58.938,$14.794,"0,57%","25,10%","$84,06","$2.580.247,17",4.628,"$997,34",2361,"$2.017,35",341,"$7.566,71","$29.350.035,40","11,37","$86.070,49","8,43%","6,74%"
24/9/2024,,$85.534,70607,1077,$672,"1,53%",56,25,7,$641.945,"7,51",$91.706,$12.219,"0,65%","13,32%","$79,42","$2.665.780,96",4.684,"$1.527,39",2386,"$3.421,35",348,"$7.660,29","$29.991.980,40","11,25","$86.183,85","5,20%","12,50%"
25/9/2024,,$54.018,34129,605,$803,"1,77%",49,15,3,$165.558,"3,06",$55.186,$18.006,"0,50%","32,63%","$89,29","$2.719.799,04",4.733,"$1.102,41",2401,"$3.601,21",351,"$7.748,72","$30.157.538,40","11,09","$85.918,91","8,10%","6,12%"
26/9/2024,,$0,0,,,#DIV/0!,4,4,1,$24.395,#DIV/0!,$24.395,$0,#DIV/0!,"0,00%",#DIV/0!,"$2.719.799,04",4.737,"$0,00",2405,"$0,00",352,"$7.726,70","$30.181.933,40","11,10","$85.744,13",#DIV/0!,"25,00%"
27/9/2024,,$0,0,,,#DIV/0!,6,3,1,$64.571,#DIV/0!,$64.571,$0,#DIV/0!,"0,00%",#DIV/0!,"$2.719.799,04",4.743,"$0,00",2408,"$0,00",353,"$7.704,81","$30.246.504,40","11,12","$85.684,15",#DIV/0!,"16,67%"
28/9/2024,,$0,0,,,#DIV/0!,,,0,,#DIV/0!,#DIV/0!,#DIV/0!,#DIV/0!,#DIV/0!,#DIV/0!,"$2.719.799,04",4.743,#DIV/0!,2408,#DIV/0!,353,"$7.704,81","$30.246.504,40","11,12","$85.684,15",#DIV/0!,#DIV/0!
29/9/2024,Week 5,$0,0,,,#DIV/0!,2,2,0,,#DIV/0!,#DIV/0!,#DIV/0!,#DIV/0!,#DIV/0!,#DIV/0!,"$2.719.799,04",4.745,"$0,00",2410,"$0,00",353,"$7.704,81","$30.246.504,40","11,12","$85.684,15",#DIV/0!,"0,00%"
30/9/2024,,$0,0,,,#DIV/0!,4,,0,,#DIV/0!,#DIV/0!,#DIV/0!,#DIV/0!,#DIV/0!,#DIV/0!,"$2.719.799,04",4.749,"$0,00",2410,#DIV/0!,353,"$7.704,81","$30.246.504,40","11,12","$85.684,15",#DIV/0!,"0,00%"
1/10/2024,,$111.608,75920,1728,$845,"2,28%",69,41,6,$328.023,"2,94",$54.671,$18.601,"0,35%","34,02%","$64,59","$2.831.407,36",4.818,"$1.617,51",2451,"$2.722,15",359,"$7.886,93","$30.574.527,40","10,80","$85.165,81","3,99%","8,70%"
2/10/2024,,$90.724,58952,1184,$806,"2,01%",59,21,6,$1.177.734,"12,98",$196.289,$15.121,"0,51%","7,70%","$76,62","$2.922.130,94",4.877,"$1.537,69",2472,"$4.320,17",365,"$8.005,84","$31.752.261,40","10,87","$86.992,50","4,98%","10,17%"
3/10/2024,,$66.690,37576,781,$910,"2,08%",43,28,3,$112.501,"1,69",$37.500,$22.230,"0,38%","59,28%","$85,39","$2.988.821,03",4.920,"$1.550,93",2500,"$2.381,79",368,"$8.121,80","$31.864.761,90","10,66","$86.589,03","5,51%","6,98%"
4/10/2024,,$55.891,42247,733,$748,"1,74%",23,14,2,$125.767,"2,25",$62.884,$27.945,"0,27%","44,44%","$76,25","$3.044.711,97",4.943,"$2.430,04",2514,"$3.992,21",370,"$8.228,95","$31.990.528,90","10,51","$86.460,89","3,14%","8,70%"
5/10/2024,,$55.168,41223,796,$755,"1,93%",47,20,2,$120.470,"2,18",$60.235,$27.584,"0,25%","45,79%","$69,31","$3.099.879,50",4.990,"$1.173,78",2534,"$2.758,38",372,"$8.333,01","$32.110.998,90","10,36","$86.319,89","5,90%","4,26%"
6/10/2024,Week 6,$50.995,37923,707,$757,"1,86%",41,36,6,$473.264,"9,28",$78.877,$8.499,"0,85%","10,78%","$72,13","$3.150.874,19",5.031,"$1.243,77",2570,"$1.416,52",378,"$8.335,65","$32.584.262,90","10,34","$86.201,75","5,80%","14,63%"
7/10/2024,,$42.352,34416,557,$700,"1,62%",63,41,7,$369.101,"8,72",$52.729,$6.050,"1,26%","11,47%","$76,04","$3.193.226,44",5.094,"$672,26",2611,"$1.032,98",385,"$8.294,09","$32.953.363,90","10,32","$85.593,15","11,31%","11,11%"
8/10/2024,,$39.411,24924,491,$838,"1,97%",63,34,4,$353.327,"8,97",$88.332,$9.853,"0,81%","11,15%","$80,27","$3.232.637,55",5.157,"$625,57",2645,"$1.159,15",389,"$8.310,12","$33.306.690,90","10,30","$85.621,31","12,83%","6,35%"
9/10/2024,,$56.484,35114,956,$754,"2,72%",69,38,6,$349.405,"6,19",$58.234,$9.414,"0,63%","16,17%","$59,08","$3.289.121,85",5.226,"$818,61",2683,"$1.486,43",395,"$8.326,89","$33.656.095,40","10,23","$85.205,30","7,22%","8,70%"
10/10/2024,,$103.023,50405,1112,$913,"2,21%",60,41,8,$384.224,"3,73",$48.028,$12.878,"0,72%","26,81%","$92,65","$3.392.144,53",5.286,"$1.717,04",2724,"$2.512,75",403,"$8.417,23","$34.040.319,20","10,04","$84.467,29","5,40%","13,33%"
11/10/2024,,$115.206,49707,1106,$1.048,"2,23%",60,42,6,$330.641,"2,87",$55.107,$19.201,"0,54%","34,84%","$104,16","$3.507.350,56",5.346,"$1.920,10",2766,"$2.743,00",409,"$8.575,43","$34.370.959,70","9,80","$84.036,58","5,42%","10,00%"
12/10/2024,,$99.884,46559,1001,$1.009,"2,15%",74,40,6,$1.096.571,"10,98",$182.762,$16.647,"0,60%","9,11%","$99,78","$3.607.234,53",5.420,"$1.349,78",2806,"$2.497,10",415,"$8.692,13","$35.467.530,30","9,83","$85.463,93","7,39%","8,11%"
13/10/2024,Week 7,$109.863,58681,1144,$952,"1,95%",95,42,6,$662.933,"6,03",$110.489,$18.311,"0,52%","16,57%","$96,03","$3.717.097,54",5.515,"$1.156,45",2848,"$2.615,79",421,"$8.829,21","$36.130.462,80","9,72","$85.820,58","8,30%","6,32%"
14/10/2024,,$97.783,55363,1053,$838,"1,90%",65,38,9,$656.038,"6,71",$72.893,$10.865,"0,85%","14,91%","$92,86","$3.814.880,62",5.580,"$1.504,36",2886,"$2.573,24",430,"$8.871,82","$36.786.500,30","9,64","$85.550,00","6,17%","13,85%"
15/10/2024,,$93.857,42727,877,$957,"2,05%",74,42,6,$447.963,"4,77",$74.661,$15.643,"0,68%","20,95%","$107,02","$3.908.737,26",5.654,"$1.268,33",2928,"$2.234,68",436,"$8.964,99","$37.234.463,30","9,53","$85.400,15","8,44%","8,11%"
16/10/2024,,$86.979,36977,772,$1.043,"2,09%",103,46,5,$340.176,"3,91",$68.035,$17.396,"0,65%","25,57%","$112,67","$3.995.715,88",5.757,"$844,45",2974,"$1.890,84",441,"$9.060,58","$37.574.639,30","9,40","$85.203,26","13,34%","4,85%"
17/10/2024,,$80.607,30758,651,$1.137,"2,12%",66,35,4,$203.377,"2,52",$50.844,$20.152,"0,61%","39,63%","$123,82","$4.076.322,92",5.823,"$1.221,32",3009,"$2.303,06",445,"$9.160,28","$37.778.016,30","9,27","$84.894,42","10,14%","6,06%"
18/10/2024,,$73.256,27089,571,$1.187,"2,11%",57,37,5,$344.232,"4,70",$68.846,$14.651,"0,88%","21,28%","$128,29","$4.149.578,99",5.880,"$1.285,19",3046,"$1.979,89",450,"$9.221,29","$38.122.247,80","9,19","$84.716,11","9,98%","8,77%"
19/10/2024,,$100.407,41095,827,$1.168,"2,01%",58,29,6,$291.688,"2,91",$48.615,$16.735,"0,73%","34,42%","$121,41","$4.249.986,15",5.938,"$1.731,16",3075,"$3.462,32",456,"$9.320,15","$38.413.935,80","9,04","$84.241,09","7,01%","10,34%"
20/10/2024,Week 8,$133.662,60198,1201,$1.157,"2,00%",59,24,4,$203.864,"1,53",$50.966,$33.416,"0,33%","65,56%","$111,29","$4.383.648,19",5.997,"$2.265,46",3099,"$5.569,25",460,"$9.529,67","$38.617.799,80","8,81","$83.951,74","4,91%","6,78%"
21/10/2024,,$92.605,46790,998,$1.092,"2,13%",68,43,6,$328.188,"3,54",$54.698,$15.434,"0,60%","28,22%","$92,79","$4.476.252,88",6.065,"$1.361,83",3142,"$2.153,60",466,"$9.605,69","$38.945.987,80","8,70","$83.575,08","6,81%","8,82%"
22/10/2024,,$82.055,38629,788,$1.194,"2,04%",58,30,6,$515.867,"6,29",$85.978,$13.676,"0,76%","15,91%","$104,13","$4.558.307,59",6.123,"$1.414,74",3172,"$2.735,16",472,"$9.657,43","$39.461.854,80","8,66","$83.605,62","7,36%","10,34%"
23/10/2024,,$75.216,36586,759,$1.205,"2,07%",86,50,7,$730.486,"9,71",$104.355,$10.745,"0,92%","10,30%","$99,10","$4.633.523,15",6.209,"$874,60",3222,"$1.504,31",479,"$9.673,33","$40.192.340,80","8,67","$83.908,85","11,33%","8,14%"
24/10/2024,,$0,0,0,,#DIV/0!,,,,,#DIV/0!,#DIV/0!,#DIV/0!,#DIV/0!,#DIV/0!,#DIV/0!,"$4.633.523,15",6.209,#DIV/0!,3222,#DIV/0!,479,"$9.673,33","$40.192.340,80","8,67","$83.908,85",#DIV/0!,#DIV/0!
25/10/2024,,$34.361,13916,202,$1.298,"1,45%",10,5,1,$139.200,"4,05",$139.200,$34.361,"0,50%","24,68%","$170,10","$4.667.883,88",6.219,"$3.436,07",3227,"$6.872,15",480,"$9.724,76","$40.331.540,80","8,64","$84.024,04","4,95%","10,00%"
26/10/2024,,$57.977,15826,317,$1.422,"2,00%",16,6,,,"0,00",#DIV/0!,#DIV/0!,"0,00%",#DIV/0!,"$182,89","$4.725.861,29",6.235,"$3.623,59",3233,"$9.662,90",480,"$9.845,54","$40.331.540,80","8,53","$84.024,04","5,05%","0,00%"
27/10/2024,Week 9,$68.315,15215,352,$1.605,"2,31%",21,8,1,$89.960,"1,32",$89.960,$68.315,"0,28%","75,94%","$194,08","$4.794.176,78",6.256,"$3.253,12",3241,"$8.539,44",481,"$9.967,10","$40.421.500,80","8,43","$84.036,38","5,97%","4,76%"
28/10/2024,,$52.768,12935,280,$1.538,"2,16%",14,8,1,$75.991,"1,44",$75.991,$52.768,"0,36%","69,44%","$188,46","$4.846.944,72",6.270,"$3.769,14",3249,"$6.595,99",482,"$10.055,90","$40.497.491,80","8,36","$84.019,69","5,00%","7,14%"
29/10/2024,,$45.544,14302,230,$1.258,"1,61%",19,7,1,$174.981,"3,84",$174.981,$45.544,"0,43%","26,03%","$198,02","$4.892.488,45",6.289,"$2.397,04",3256,"$6.506,25",483,"$10.129,38","$40.672.472,80","8,31","$84.208,02","8,26%","5,26%"
30/10/2024,,$54.812,19646,315,$1.092,"1,60%",15,5,3,$170.934,"3,12",$56.978,$18.271,"0,95%","32,07%","$174,01","$4.947.300,34",6.304,"$3.654,13",3261,"$10.962,38",486,"$10.179,63","$40.843.406,80","8,26","$84.039,93","4,76%","20,00%"
31/10/2024,,$47.740,19931,279,$1.007,"1,40%",27,10,2,$118.167,"2,48",$59.084,$23.870,"0,72%","40,40%","$171,11","$4.995.040,64",6.331,"$1.768,16",3271,"$4.774,03",488,"$10.235,74","$40.961.573,80","8,20","$83.937,65","9,68%","7,41%"
1/11/2024,,$12.948,4346,71,$1.236,"1,63%",8,5,1,$146.040,"11,28",$146.040,$12.948,"1,41%","8,87%","$182,37","$5.007.988,75",6.339,"$1.618,51",3276,"$2.589,62",489,"$10.241,29","$41.107.613,80","8,21","$84.064,65","11,27%","12,50%"
2/11/2024,,$0,0,,,#DIV/0!,41,35,3,$253.512,#DIV/0!,$84.504,$0,#DIV/0!,"0,00%",#DIV/0!,"$5.007.988,75",6.380,"$0,00",3311,"$0,00",492,"$10.178,84","$41.361.125,80","8,26","$84.067,33",#DIV/0!,"7,32%"
3/11/2024,Week 10,$0,0,,,#DIV/0!,44,29,4,$443.982,#DIV/0!,$110.996,$0,#DIV/0!,"0,00%",#DIV/0!,"$5.007.988,75",6.424,"$0,00",3340,"$0,00",496,"$10.096,75","$41.805.107,80","8,35","$84.284,49",#DIV/0!,"9,09%"
4/11/2024,,$82.206,19613,932,$1.390,"4,75%",411,155,14,$1.731.955,"21,07",$123.711,$5.872,"1,50%","4,75%","$88,20","$5.090.194,47",6.835,"$200,01",3495,"$530,36",510,"$9.980,77","$43.537.062,80","8,55","$85.366,79","44,10%","3,41%"
5/11/2024,,$112.843,28880,1056,$1.320,"3,66%",491,205,30,$3.651.180,"32,36",$121.706,$3.761,"2,84%","3,09%","$106,86","$5.203.037,63",7.326,"$229,82",3700,"$550,45",540,"$9.635,25","$47.188.242,80","9,07","$87.385,63","46,50%","6,11%"
6/11/2024,,$183.771,42675,1244,$1.681,"2,92%",505,203,33,$3.948.439,"21,49",$119.650,$5.569,"2,65%","4,65%","$147,73","$5.386.808,41",7.831,"$363,90",3903,"$905,27",573,"$9.401,06","$51.136.681,80","9,49","$89.243,77","40,59%","6,53%"
7/11/2024,,$185.656,49501,1314,$1.565,"2,65%",288,108,10,$1.291.149,"6,95",$129.115,$18.566,"0,76%","14,38%","$141,29","$5.572.464,05",8.119,"$644,64",4011,"$1.719,03",583,"$9.558,26","$52.427.830,80","9,41","$89.927,67","21,92%","3,47%"
8/11/2024,,$147.167,53602,1153,$1.323,"2,15%",208,80,9,$889.310,"6,04",$98.812,$16.352,"0,78%","16,55%","$127,64","$5.719.630,85",8.327,"$707,53",4091,"$1.839,59",592,"$9.661,54","$53.317.140,80","9,32","$90.062,74","18,04%","4,33%"
9/11/2024,,$138.484,51047,1034,$1.247,"2,03%",250,98,11,$1.243.930,"8,98",$113.085,$12.589,"1,06%","11,13%","$133,93","$5.858.115,18",8.577,"$553,94",4189,"$1.413,11",603,"$9.714,95","$54.561.070,80","9,31","$90.482,70","24,18%","4,40%"
10/11/2024,Week 11,$79.932,38115,703,$1.031,"1,84%",155,67,13,$1.642.310,"20,55",$126.332,$6.149,"1,85%","4,87%","$113,70","$5.938.047,07",8.732,"$515,69",4256,"$1.193,01",616,"$9.639,69","$56.203.380,80","9,46","$91.239,25","22,05%","8,39%"
11/11/2024,,$0,0,0,,#DIV/0!,9,5,3,$342.559,#DIV/0!,$114.186,$0,#DIV/0!,"0,00%",#DIV/0!,"$5.938.047,07",8.741,"$0,00",4261,"$0,00",619,"$9.592,97","$56.545.939,80","9,52","$91.350,47",#DIV/0!,"33,33%"
12/11/2024,,$0,0,0,,#DIV/0!,9,3,1,$28.730,#DIV/0!,$28.730,$0,#DIV/0!,"0,00%",#DIV/0!,"$5.938.047,07",8.750,"$0,00",4264,"$0,00",620,"$9.577,50","$56.574.669,80","9,53","$91.249,47",#DIV/0!,"11,11%"
13/11/2024,,$28.623,14870,367,$833,"2,47%",10,7,2,$58.228,"2,03",$29.114,$14.311,"0,54%","49,16%","$77,99","$5.966.669,58",8.760,"$2.862,25",4271,"$4.088,93",622,"$9.592,72","$56.632.898,20","9,49","$91.049,68","2,72%","20,00%"
14/11/2024,,$46.902,23125,540,$784,"2,34%",27,18,2,$123.230,"2,63",$61.615,$23.451,"0,37%","38,06%","$86,86","$6.013.571,99",8.787,"$1.737,13",4289,"$2.605,69",624,"$9.637,13","$56.756.128,20","9,44","$90.955,33","5,00%","7,41%"
15/11/2024,,$28.618,21060,280,$629,"1,33%",16,13,1,$57.590,"2,01",$57.590,$28.618,"0,36%","49,69%","$102,21","$6.042.189,93",8.803,"$1.788,62",4302,"$2.201,38",625,"$9.667,50","$56.813.718,20","9,40","$90.901,95","5,71%","6,25%"
16/11/2024,,$29.711,24435,320,$584,"1,31%",12,6,1,$16.900,"0,57",$16.900,$29.711,"0,31%","175,80%","$92,85","$6.071.900,64",8.815,"$2.475,89",4308,"$4.951,79",626,"$9.699,52","$56.830.618,20","9,36","$90.783,74","3,75%","8,33%"
17/11/2024,Week 12,$28.207,24765,343,$573,"1,39%",20,5,0,$0,"0,00",#DIV/0!,#DIV/0!,"0,00%",#DIV/0!,"$82,24","$6.100.107,51",8.835,"$1.410,34",4313,"$5.641,37",626,"$9.744,58","$56.830.618,20","9,32","$90.783,74","5,83%","0,00%"
18/11/2024,,$25.643,23049,352,$545,"1,53%",24,13,1,$107.460,"4,19",$107.460,$25.643,"0,28%","23,86%","$72,85","$6.125.750,11",8.859,"$1.068,44",4326,"$1.972,51",627,"$9.769,94","$56.938.078,20","9,29","$90.810,33","6,82%","4,17%"
19/11/2024,,$17.704,18512,211,$561,"1,14%",11,8,3,$171.268,"9,67",$57.089,$5.901,"1,42%","10,34%","$83,91","$6.143.454,25",8.870,"$1.609,47",4334,"$2.213,02",630,"$9.751,51","$57.109.346,40","9,30","$90.649,76","5,21%","27,27%"
20/11/2024,,$41.229,21000,434,$807,"2,07%",25,9,0,$0,"0,00",#DIV/0!,#DIV/0!,"0,00%",#DIV/0!,"$95,00","$6.184.683,19",8.895,"$1.649,16",4343,"$4.580,99",630,"$9.816,96","$57.109.346,40","9,23","$90.649,76","5,76%","0,00%"
21/11/2024,,$65.159,28886,633,$904,"2,19%",38,24,1,$71.030,"1,09",$71.030,$65.159,"0,16%","91,73%","$102,94","$6.249.842,33",8.933,"$1.714,71",4367,"$2.714,96",631,"$9.904,66","$57.180.376,40","9,15","$90.618,66","6,00%","2,63%"
22/11/2024,,$48.802,21605,410,$895,"1,90%",13,8,1,$60.135,"1,23",$60.135,$48.802,"0,24%","81,15%","$119,03","$6.298.644,67",8.946,"$3.754,03",4375,"$6.100,29",632,"$9.966,21","$57.240.511,40","9,09","$90.570,43","3,17%","7,69%"
23/11/2024,,$13.366,10411,136,$552,"1,31%",6,3,1,$59.021,"4,42",$59.021,$13.366,"0,74%","22,65%","$98,28","$6.312.010,49",8.952,"$2.227,64",4378,"$4.455,27",633,"$9.971,58","$57.299.532,40","9,08","$90.520,59","4,41%","16,67%"
24/11/2024,Week 13,$16.693,13792,193,$508,"1,40%",13,13,2,$134.675,"8,07",$67.338,$8.346,"1,04%","12,39%","$86,49","$6.328.703,28",8.965,"$1.284,06",4391,"$1.284,06",635,"$9.966,46","$57.434.207,40","9,08","$90.447,57","6,74%","15,38%"
25/11/2024,,$79.949,34498,796,$850,"2,31%",32,15,2,$174.976,"2,19",$87.488,$39.974,"0,25%","45,69%","$100,44","$6.408.652,26",8.997,"$2.498,41",4406,"$5.329,93",637,"$10.060,68","$57.609.183,40","8,99","$90.438,28","4,02%","6,25%"
26/11/2024,,$67.578,25991,556,$953,"2,14%",19,9,2,$53.180,"0,79",$26.590,$33.789,"0,36%","127,07%","$121,54","$6.476.229,89",9.016,"$3.556,72",4415,"$7.508,63",639,"$10.134,95","$57.662.363,40","8,90","$90.238,44","3,42%","10,53%"
27/11/2024,,$31.426,16155,276,$940,"1,71%",89,31,5,$436.816,"13,90",$87.363,$6.285,"1,81%","7,19%","$113,86","$6.507.656,27",9.105,"$353,11",4446,"$1.013,75",644,"$10.105,06","$58.099.179,80","8,93","$90.216,12","32,25%","5,62%"
28/11/2024,,$60.391,24119,763,$1.111,"3,16%",77,30,5,$329.707,"5,46",$65.941,$12.078,"0,66%","18,32%","$79,15","$6.568.047,62",9.182,"$784,30",4476,"$2.013,05",649,"$10.120,26","$58.428.886,80","8,90","$90.029,10","10,09%","6,49%"
29/11/2024,,$92.177,24826,771,$1.346,"3,11%",77,28,9,$653.744,"7,09",$72.638,$10.242,"1,17%","14,10%","$119,55","$6.660.224,45",9.259,"$1.197,10",4504,"$3.292,03",658,"$10.121,92","$59.082.630,60","8,87","$89.791,23","9,99%","11,69%"
30/11/2024,,$96.358,31853,952,$1.316,"2,99%",67,25,7,$607.400,"6,30",$86.771,$13.765,"0,74%","15,86%","$101,22","$6.756.582,19",9.326,"$1.438,18",4529,"$3.854,31",665,"$10.160,27","$59.690.030,20","8,83","$89.759,44","7,04%","10,45%"
1/12/2024,Week 14,$68.455,36793,545,$937,"1,48%",59,18,2,$303.812,"4,44",$151.906,$34.228,"0,37%","22,53%","$125,61","$6.825.037,29",9.385,"$1.160,26",4547,"$3.803,06",667,"$10.232,44","$59.993.842,60","8,79","$89.945,79","10,83%","3,39%"
2/12/2024,,$1,5,,$204,"0,00%",11,7,2,$176.320,"172862,75",$88.160,$1,#DIV/0!,"0,00%",#DIV/0!,"$6.825.038,31",9.396,"$0,09",4554,"$0,15",669,"$10.201,85","$60.170.162,60","8,82","$89.940,45",#DIV/0!,"18,18%"
3/12/2024,,$112.591,82602,1014,$842,"1,23%",60,17,6,$649.581,"5,77",$108.264,$18.765,"0,59%","17,33%","$111,04","$6.937.629,54",9.456,"$1.876,52",4571,"$6.623,01",675,"$10.277,97","$60.819.743,70","8,77","$90.103,32","5,92%","10,00%"
4/12/2024,,$76.085,39872,595,$1.070,"1,49%",42,20,4,$193.976,"2,55",$48.494,$19.021,"0,67%","39,22%","$127,87","$7.013.714,82",9.498,"$1.811,55",4591,"$3.804,26",679,"$10.329,48","$61.013.719,70","8,70","$89.858,20","7,06%","9,52%"
5/12/2024,,$43.710,30381,453,$792,"1,49%",22,12,2,$154.592,"3,54",$77.296,$21.855,"0,44%","28,27%","$96,49","$7.057.424,43",9.520,"$1.986,80",4603,"$3.642,47",681,"$10.363,33","$61.168.311,70","8,67","$89.821,31","4,86%","9,09%"
6/12/2024,,$37.158,19941,291,$1.023,"1,46%",19,14,2,$56.065,"1,51",$28.033,$18.579,"0,69%","66,28%","$127,69","$7.094.582,90",9.539,"$1.955,71",4617,"$2.654,18",683,"$10.387,38","$61.224.376,90","8,63","$89.640,38","6,53%","10,53%"
7/12/2024,,$14.119,12163,164,$677,"1,35%",19,10,2,$92.033,"6,52",$46.017,$7.059,"1,22%","15,34%","$86,09","$7.108.701,46",9.558,"$743,08",4627,"$1.411,86",685,"$10.377,67","$61.316.409,90","8,63","$89.513,01","11,59%","10,53%"
8/12/2024,Week 15,$23.085,21810,282,$647,"1,29%",29,13,1,$65.690,"2,85",$65.690,$23.085,"0,35%","35,14%","$81,86","$7.131.785,96",9.587,"$796,02",4640,"$1.775,73",686,"$10.396,19","$61.382.099,90","8,61","$89.478,28","10,28%","3,45%"
9/12/2024,,$1.397,1647,13,$690,"0,79%",15,13,3,$198.915,"142,42",$66.305,$466,"23,08%","0,70%","$107,44","$7.133.182,64",9.602,"$93,11",4653,"$107,44",689,"$10.352,95","$61.581.014,90","8,63","$89.377,38","115,38%","20,00%"
10/12/2024,,$0,0,,,#DIV/0!,4,,0,$0,#DIV/0!,#DIV/0!,#DIV/0!,#DIV/0!,#DIV/0!,#DIV/0!,"$7.133.182,64",9.606,"$0,00",4653,#DIV/0!,689,"$10.352,95","$61.581.014,90","8,63","$89.377,38",#DIV/0!,"0,00%"
11/12/2024,,$35.778,23368,261,$948,"1,12%",24,10,0,$0,"0,00",#DIV/0!,#DIV/0!,"0,00%",#DIV/0!,"$137,08","$7.168.960,14",9.630,"$1.490,73",4663,"$3.577,75",689,"$10.404,88","$61.581.014,90","8,59","$89.377,38","9,20%","0,00%"
12/12/2024,,,,,,#DIV/0!,,,,,#DIV/0!,#DIV/0!,#DIV/0!,#DIV/0!,#DIV/0!,#DIV/0!,"$7.168.960,14",9.630,#DIV/0!,4663,#DIV/0!,689,"$10.404,88","$61.581.014,90","8,59","$89.377,38",#DIV/0!,#DIV/0!
13/12/2024,,,,,,#DIV/0!,,,,,#DIV/0!,#DIV/0!,#DIV/0!,#DIV/0!,#DIV/0!,#DIV/0!,"$7.168.960,14",9.630,#DIV/0!,4663,#DIV/0!,689,"$10.404,88","$61.581.014,90","8,59","$89.377,38",#DIV/0!,#DIV/0!
14/12/2024,,,,,,#DIV/0!,,,,,#DIV/0!,#DIV/0!,#DIV/0!,#DIV/0!,#DIV/0!,#DIV/0!,"$7.168.960,14",9.630,#DIV/0!,4663,#DIV/0!,689,"$10.404,88","$61.581.014,90","8,59","$89.377,38",#DIV/0!,#DIV/0!
15/12/2024,Week 16,,,,,#DIV/0!,,,,,#DIV/0!,#DIV/0!,#DIV/0!,#DIV/0!,#DIV/0!,#DIV/0!,"$7.168.960,14",9.630,#DIV/0!,4663,#DIV/0!,689,"$10.404,88","$61.581.014,90","8,59","$89.377,38",#DIV/0!,#DIV/0!
16/12/2024,,,,,,#DIV/0!,,,,,#DIV/0!,#DIV/0!,#DIV/0!,#DIV/0!,#DIV/0!,#DIV/0!,"$7.168.960,14",9.630,#DIV/0!,4663,#DIV/0!,689,"$10.404,88","$61.581.014,90","8,59","$89.377,38",#DIV/0!,#DIV/0!
17/12/2024,,$18.322,9085,163,$1.175,"1,79%",23,13,0,$0,"0,00",#DIV/0!,#DIV/0!,"0,00%",#DIV/0!,"$112,40","$7.187.281,86",9.653,"$796,60",4676,"$1.409,36",689,"$10.431,47","$61.581.014,90","8,57","$89.377,38","14,11%","0,00%"
18/12/2024,,$43.381,14345,431,$1.227,"3,00%",156,73,9,$712.003,"16,41",$79.111,$4.820,"2,09%","6,09%","$100,65","$7.230.663,08",9.809,"$278,08",4749,"$594,26",698,"$10.359,12","$62.293.017,90","8,62","$89.245,01","36,19%","5,77%"
19/12/2024,,$186.512,47576,1630,$1.343,"3,43%",685,356,43,$3.436.185,"18,42",$79.911,$4.337,"2,64%","5,43%","$114,42","$7.417.175,16",10.494,"$272,28",5105,"$523,91",741,"$10.009,68","$65.729.202,90","8,86","$88.703,38","42,02%","6,28%"
20/12/2024,,$277.869,86848,1777,$1.119,"2,05%",364,177,23,$1.983.091,"7,14",$86.221,$12.081,"1,29%","14,01%","$156,37","$7.695.044,02",10.858,"$763,38",5282,"$1.569,88",764,"$10.072,05","$67.712.293,90","8,80","$88.628,66","20,48%","6,32%"
21/12/2024,,$188.743,65481,967,$1.241,"1,48%",240,121,15,$1.232.187,"6,53",$82.146,$12.583,"1,55%","15,32%","$195,18","$7.883.787,48",11.098,"$786,43",5403,"$1.559,86",779,"$10.120,39","$68.944.480,40","8,75","$88.503,83","24,82%","6,25%"
22/12/2024,Week 17,$186.083,66073,1105,$1.375,"1,67%",233,127,13,$1.045.702,"5,62",$80.439,$14.314,"1,18%","17,80%","$168,40","$8.069.870,58",11.331,"$798,64",5530,"$1.465,22",792,"$10.189,23","$69.990.182,40","8,67","$88.371,44","21,09%","5,58%"
23/12/2024,,$258.799,94088,1490,$1.274,"1,58%",274,139,23,$2.250.355,"8,70",$97.842,$11.252,"1,54%","11,50%","$173,69","$8.328.669,88",11.605,"$944,52",5669,"$1.861,87",815,"$10.219,23","$72.240.537,40","8,67","$88.638,70","18,39%","8,39%"
24/12/2024,,$234.518,90781,1434,$1.092,"1,58%",330,155,27,$2.388.448,"10,18",$88.461,$8.686,"1,88%","9,82%","$163,54","$8.563.187,88",11.935,"$710,66",5824,"$1.513,02",842,"$10.170,06","$74.628.985,40","8,72","$88.633,00","23,01%","8,18%"
25/12/2024,,$137.053,53910,728,$1.190,"1,35%",227,138,20,$1.916.401,"13,98",$95.820,$6.853,"2,75%","7,15%","$188,26","$8.700.240,88",12.162,"$603,76",5962,"$993,14",862,"$10.093,09","$76.545.386,40","8,80","$88.799,75","31,18%","8,81%"
26/12/2024,,$92.591,40.285,821,$1.163,"2,04%",138,78,12,$1.201.544,"12,98",$100.129,$7.716,"1,46%","7,71%","$112,78","$8.792.831,88",12.300,"$670,95",6040,"$1.187,06",874,"$10.060,45","$77.746.930,40","8,84","$88.955,30","16,81%","8,70%"
27/12/2024,,$43.023,22.446,424,$968,"1,89%",49,30,4,$377.624,"8,78",$94.406,$10.756,"0,94%","11,39%","$101,47","$8.835.854,88",12.349,"$878,02",6070,"$1.434,10",878,"$10.063,62","$78.124.554,40","8,84","$88.980,13","11,56%","8,16%"
28/12/2024,,$40.611,22.069,389,$980,"1,76%",51,23,2,$385.462,"9,49",$192.731,$20.306,"0,51%","10,54%","$104,40","$8.876.465,88",12.400,"$796,29",6093,"$1.765,70",880,"$10.086,89","$78.510.016,40","8,84","$89.215,93","13,11%","3,92%"
29/12/2024,Week 18,$48.589,27.306,417,$1.033,"1,53%",34,24,8,$742.940,"15,29",$92.868,$6.074,"1,92%","6,54%","$116,52","$8.925.054,88",12.434,"$1.429,09",6117,"$2.024,54",888,"$10.050,74","$79.252.956,40","8,88","$89.248,82","8,15%","23,53%"
30/12/2024,,$69.446,32.517,688,$1.165,"2,12%",48,29,2,$309.513,"4,46",$154.757,$34.723,"0,29%","22,44%","$100,94","$8.994.500,88",12.482,"$1.446,79",6146,"$2.394,69",890,"$10.106,18","$79.562.469,40","8,85","$89.396,03","6,98%","4,17%"
31/12/2024,,$60.347,33.169,620,$1.076,"1,87%",26,12,2,$176.848,"2,93",$88.424,$30.174,"0,32%","34,12%","$97,33","$9.054.847,88",12.508,"$2.321,04",6158,"$5.028,92",892,"$10.151,17","$79.739.317,40","8,81","$89.393,85","4,19%","7,69%"
1/1/2025,,$46.854,31.757,660,$899,"2,08%",26,11,4,$278.818,"5,95",$69.705,$11.714,"0,61%","16,80%","$70,99","$9.101.701,88",12.534,"$1.802,08",6169,"$4.259,45",896,"$10.158,15","$80.018.135,40","8,79","$89.305,95","3,94%","15,38%"
2/1/2025,,$50.622,31.481,665,$986,"2,11%",59,31,5,$491.586,"9,71",$98.317,$10.124,"0,75%","10,30%","$76,12","$9.152.323,62",12.593,"$858,00",6200,"$1.632,96",901,"$10.157,96","$80.509.721,40","8,80","$89.355,96","8,87%","8,47%"
3/1/2025,,$53.145,31.806,584,$944,"1,84%",58,26,8,$603.142,"11,35",$75.393,$6.643,"1,37%","8,81%","$91,00","$9.205.468,72",12.651,"$916,29",6226,"$2.044,04",909,"$10.127,03","$81.112.863,60","8,81","$89.233,07","9,93%","13,79%"
4/1/2025,,$60.918,32.123,623,$1.136,"1,94%",30,19,2,$134.820,"2,21",$67.410,$30.459,"0,32%","45,18%","$97,78","$9.266.386,85",12.681,"$2.030,60",6245,"$3.206,22",911,"$10.171,67","$81.247.683,60","8,77","$89.185,16","4,82%","6,67%"
5/1/2025,Week 19,$47.910,21.539,550,$1.542,"2,55%",22,14,1,$61.670,"1,29",$61.670,$47.910,"0,18%","77,69%","$87,11","$9.314.297,34",12.703,"$2.177,75",6259,"$3.422,18",912,"$10.213,05","$81.309.353,60","8,73","$89.154,99","4,00%","4,55%"
6/1/2025,,$83.002,46.333,1042,$1.193,"2,25%",49,20,3,$326.894,"3,94",$108.965,$27.667,"0,29%","25,39%","$79,66","$9.397.299,43",12.752,"$1.693,92",6279,"$4.150,10",915,"$10.270,27","$81.636.247,60","8,69","$89.219,94","4,70%","6,12%"
7/1/2025,,$89.296,44.055,946,$1.279,"2,15%",42,14,4,$404.007,"4,52",$101.002,$22.324,"0,42%","22,10%","$94,39","$9.486.595,68",12.794,"$2.126,10",6293,"$6.378,30",919,"$10.322,74","$82.040.254,60","8,65","$89.271,22","4,44%","9,52%"
8/1/2025,,$87.958,37.757,950,$1.352,"2,52%",72,40,6,$503.435,"5,72",$83.906,$14.660,"0,63%","17,47%","$92,59","$9.574.553,62",12.866,"$1.221,64",6333,"$2.198,95",925,"$10.350,87","$82.543.689,60","8,62","$89.236,42","7,58%","8,33%"
9/1/2025,,$82.137,41.325,954,$1.121,"2,31%",61,27,5,$357.871,"4,36",$71.574,$16.427,"0,52%","22,95%","$86,10","$9.656.690,48",12.927,"$1.346,51",6360,"$3.042,11",930,"$10.383,54","$82.901.560,80","8,58","$89.141,46","6,39%","8,20%"
10/1/2025,,$51.886,33.607,636,$904,"1,89%",40,19,3,$194.348,"3,75",$64.783,$17.295,"0,47%","26,70%","$81,58","$9.708.576,95",12.967,"$1.297,16",6379,"$2.730,87",933,"$10.405,76","$83.095.908,80","8,56","$89.063,14","6,29%","7,50%"
11/1/2025,,$51.466,36.397,609,$915,"1,67%",31,25,2,$138.228,"2,69",$69.114,$25.733,"0,33%","37,23%","$84,51","$9.760.043,43",12.998,"$1.660,21",6404,"$2.058,66",935,"$10.438,55","$83.234.136,80","8,53","$89.020,47","5,09%","6,45%"
12/1/2025,Week 20,$57.919,41.829,703,$874,"1,68%",56,24,7,$763.396,"13,18",$109.057,$8.274,"1,00%","7,59%","$82,39","$9.817.961,98",13.054,"$1.034,26",6428,"$2.413,27",942,"$10.422,46","$83.997.532,60","8,56","$89.169,36","7,97%","12,50%"
13/1/2025,,$56.844,42.075,554,$874,"1,32%",33,30,6,$396.559,"6,98",$66.093,$9.474,"1,08%","14,33%","$102,61","$9.874.805,98",13.087,"$1.722,55",6458,"$1.894,80",948,"$10.416,46","$84.394.091,60","8,55","$89.023,30","5,96%","18,18%"
14/1/2025,,,,,,,,,,,,,,,,,,,,,,,,,,,,
15/1/2025,,,,,,,,,,,,,,,,,,,,,,,,,,,,
16/1/2025,,,,,,,,,,,,,,,,,,,,,,,,,,,,
17/1/2025,,,,,,,,,,,,,,,,,,,,,,,,,,,,
18/1/2025,,,,,,,,,,,,,,,,,,,,,,,,,,,,
19/1/2025,Week 21,,,,,,,,,,,,,,,,,,,,,,,,,,,
20/1/2025,,,,,,,,,,,,,,,,,,,,,,,,,,,,
21/1/2025,,,,,,,,,,,,,,,,,,,,,,,,,,,,
22/1/2025,,,,,,,,,,,,,,,,,,,,,,,,,,,,
23/1/2025,,,,,,,,,,,,,,,,,,,,,,,,,,,,
24/1/2025,,,,,,,,,,,,,,,,,,,,,,,,,,,,
25/1/2025,,,,,,,,,,,,,,,,,,,,,,,,,,,,
26/1/2025,Week 22,,,,,,,,,,,,,,,,,,,,,,,,,,,
27/1/2025,,,,,,,,,,,,,,,,,,,,,,,,,,,,
28/1/2025,,,,,,,,,,,,,,,,,,,,,,,,,,,,
29/1/2025,,,,,,,,,,,,,,,,,,,,,,,,,,,,
30/1/2025,,,,,,,,,,,,,,,,,,,,,,,,,,,,
31/1/2025,,,,,,,,,,,,,,,,,,,,,,,,,,,,
1/2/2025,,,,,,,,,,,,,,,,,,,,,,,,,,,,
2/2/2025,Week ,,,,,,,,,,,,,,,,,,,,,,,,,,,
3/2/2025,,,,,,,,,,,,,,,,,,,,,,,,,,,,
4/2/2025,,,,,,,,,,,,,,,,,,,,,,,,,,,,
5/2/2025,,,,,,,,,,,,,,,,,,,,,,,,,,,,
6/2/2025,,,,,,,,,,,,,,,,,,,,,,,,,,,,
7/2/2025,,,,,,,,,,,,,,,,,,,,,,,,,,,,
8/2/2025,,,,,,,,,,,,,,,,,,,,,,,,,,,,
9/2/2025,Week ,,,,,,,,,,,,,,,,,,,,,,,,,,,
10/2/2025,,,,,,,,,,,,,,,,,,,,,,,,,,,,
11/2/2025,,,,,,,,,,,,,,,,,,,,,,,,,,,,
12/2/2025,,,,,,,,,,,,,,,,,,,,,,,,,,,,
13/2/2025,,,,,,,,,,,,,,,,,,,,,,,,,,,,
14/2/2025,,,,,,,,,,,,,,,,,,,,,,,,,,,,
15/2/2025,,,,,,,,,,,,,,,,,,,,,,,,,,,,
16/2/2025,Week ,,,,,,,,,,,,,,,,,,,,,,,,,,,
17/2/2025,,,,,,,,,,,,,,,,,,,,,,,,,,,,
18/2/2025,,,,,,,,,,,,,,,,,,,,,,,,,,,,
19/2/2025,,,,,,,,,,,,,,,,,,,,,,,,,,,,
20/2/2025,,,,,,,,,,,,,,,,,,,,,,,,,,,,
21/2/2025,,,,,,,,,,,,,,,,,,,,,,,,,,,,
22/2/2025,,,,,,,,,,,,,,,,,,,,,,,,,,,,
,Week ,,,,,,,,,,,,,,,,,,,,,,,,,,,
,,,,,,,,,,,,,,,,,,,,,,,,,,,,
,,,,,,,,,,,,,,,,,,,,,,,,,,,,
,,,,,,,,,,,,,,,,,,,,,,,,,,,,
,,,,,,,,,,,,,,,,,,,,,,,,,,,,
,,,,,,,,,,,,,,,,,,,,,,,,,,,,
,,,,,,,,,,,,,,,,,,,,,,,,,,,,
,Week ,,,,,,,,,,,,,,,,,,,,,,,,,,,
,,,,,,,,,,,,,,,,,,,,,,,,,,,,
,,,,,,,,,,,,,,,,,,,,,,,,,,,,
,,,,,,,,,,,,,,,,,,,,,,,,,,,,
,,,,,,,,,,,,,,,,,,,,,,,,,,,,
,,,,,,,,,,,,,,,,,,,,,,,,,,,,
,,,,,,,,,,,,,,,,,,,,,,,,,,,,
,Week ,,,,,,,,,,,,,,,,,,,,,,,,,,,
,,,,,,,,,,,,,,,,,,,,,,,,,,,,
,,,,,,,,,,,,,,,,,,,,,,,,,,,,
,,,,,,,,,,,,,,,,,,,,,,,,,,,,
,,,,,,,,,,,,,,,,,,,,,,,,,,,,
,,,,,,,,,,,,,,,,,,,,,,,,,,,,
,,,,,,,,,,,,,,,,,,,,,,,,,,,,
,Week ,,,,,,,,,,,,,,,,,,,,,,,,,,,
,,,,,,,,,,,,,,,,,,,,,,,,,,,,
,,,,,,,,,,,,,,,,,,,,,,,,,,,,
,,,,,,,,,,,,,,,,,,,,,,,,,,,,
,,,,,,,,,,,,,,,,,,,,,,,,,,,,
,,,,,,,,,,,,,,,,,,,,,,,,,,,,
,,,,,,,,,,,,,,,,,,,,,,,,,,,,
,Week ,,,,,,,,,,,,,,,,,,,,,,,,,,,