,,,,,,,,,,,,,,,,,,,,
,,OBJETIVO,CPM,CTR,CVR (VISITAS → CARRITOS),CVR (CARRITOS → PAGOS INI),CVR (PAGOS INI → COMPRAS),AOV (Ticket promedio),CVR (VISITAS → COMPRAS),ROAS,,,,,,,,,,
,,,$1.700,2%,15%,50%,45%,$95.000,"3,00%",4,,,,,,,,,,
,,,,,,,,,,,,,,,,,,,,
MES,Día,Importe gastado,CPM ,Alcance,Impresiones,Frecuencia,Clics únicos en el enlace,CTR ,Visitas a la página de destino, agregados al carrito,CVR (VISITAS → CARRITOS),Pagos iniciados,CVR (CARRITOS → PAGOS INI),Compras,CVR (PAGOS INI → COMPRAS),Costo por compra,ROAS,Valor de conv,AOV,CVR (VISITAS → COMPRAS)
,,,,,,,,,,,,,,,,,,,,
JULIO,1/07/2025,$9.951,$1.710,2793,5819,"2,08",42,"1,50",29,7,"24,14%",8,"114,29%",3,"37,50%",$3.317,"25,22",$250.970,$83.657,"10,34%"
,2/07/2025,$10.541,$1.502,3734,7017,"1,88",54,"1,45",49,2,"4,08%",2,"100,00%",1,"50,00%",$10.541,"7,87",$82.990,$82.990,"2,04%"
,3/07/2025,$10.704,$1.739,3468,6154,"1,77",46,"1,33",38,4,"10,53%",4,"100,00%",1,"25,00%",$10.704,"6,82",$72.990,$72.990,"2,63%"
,4/07/2025,$11.192,$1.653,3674,6772,"1,84",65,"1,77",59,3,"5,08%",3,"100,00%",1,"33,33%",$11.192,"7,42",$82.990,$82.990,"1,69%"
,5/07/2025,$8.978,$1.494,3354,6010,"1,79",60,"1,79",60,2,"3,33%",2,"100,00%",1,"50,00%",$8.978,"9,24",$82.990,$82.990,"1,67%"
,6/07/2025,$11.537,$1.331,4681,8669,"1,85",80,"1,71",30,5,"16,67%",4,"80,00%",3,"75,00%",$3.846,"19,89",$229.473,$76.491,"10,00%"
,7/07/2025,$11.028,$1.473,3903,7485,"1,92",65,"1,67",44,5,"11,36%",5,"100,00%",2,"40,00%",$5.514,"15,78",$174.011,$87.006,"4,55%"
,8/07/2025,$11.316,$1.482,4104,7638,"1,86",58,"1,41",43,5,"11,63%",4,"80,00%",4,"100,00%",$2.829,"28,54",$322.962,$80.741,"9,30%"
,9/07/2025,$10.362,$1.400,4187,7402,"1,77",60,"1,43",35,3,"8,57%",2,"66,67%",1,"50,00%",$10.362,"8,20",$84.990,$84.990,"2,86%"
,10/07/2025,$9.031,$1.336,3795,6759,"1,78",55,"1,45",40,2,"5,00%",,"0,00%",,,,,,$0,"0,00%"
,11/07/2025,$9.767,$1.263,4266,7731,"1,81",54,"1,27",28,7,"25,00%",2,"28,57%",2,"100,00%",$4.884,"13,82",$134.982,$67.491,"7,14%"
,12/07/2025,$20.288,$1.394,7472,14552,"1,95",121,"1,62",71,10,"14,08%",4,"40,00%",1,"25,00%",$20.288,"8,38",$169.980,$169.980,"1,41%"
,13/07/2025,$22.216,$1.421,8184,15631,"1,91",131,"1,60",74,3,"4,05%",3,"100,00%",1,"33,33%",$22.216,"3,44",$76.491,$76.491,"1,35%"
,14/07/2025,$21.815,$1.477,7656,14770,"1,93",128,"1,67",85,6,"7,06%",4,"66,67%",1,"25,00%",$21.815,"3,90",$84.990,$84.990,"1,18%"
,15/07/2025,$21.043,$1.678,6568,12542,"1,91",101,"1,54",67,6,"8,96%",3,"50,00%",1,"33,33%",$21.043,"3,21",$67.491,$67.491,"1,49%"
,16/07/2025,$23.463,$1.627,8079,14425,"1,79",149,"1,84",89,12,"13,48%",6,"50,00%",2,"33,33%",$11.732,"6,52",$152.982,$76.491,"2,25%"
,17/07/2025,$20.760,$1.666,7284,12460,"1,71",119,"1,63",81,7,"8,64%",4,"57,14%",1,"25,00%",$20.760,"5,54",$115.000,$115.000,"1,23%"
,18/07/2025,$19.555,$1.980,5672,9878,"1,74",93,"1,64",70,5,"7,14%",4,"80,00%",2,"50,00%",$9.778,"9,20",$179.991,$89.996,"2,86%"
,19/07/2025,$17.862,$2.006,5193,8905,"1,71",91,"1,75",57,4,"7,02%",2,"50,00%",2,"100,00%",$8.931,"9,04",$161.481,$80.741,"3,51%"
,20/07/2025,$21.585,$1.653,7423,13057,"1,76",129,"1,74",76,6,"7,89%",2,"33,33%",,"0,00%",,,,$0,"0,00%"
,21/07/2025,$23.296,$1.583,9238,14720,"1,59",131,"1,42",92,9,"9,78%",7,"77,78%",4,"57,14%",$5.824,"13,84",$322.461,$80.615,"4,35%"
,22/07/2025,$21.446,$1.978,6463,10844,"1,68",103,"1,59",60,3,"5,00%",3,"100,00%",1,"33,33%",$21.446,"3,57",$76.491,$76.491,"1,67%"
,23/07/2025,$20.170,$1.692,7160,11924,"1,67",100,"1,40",59,7,"11,86%",4,"57,14%",2,"50,00%",$10.085,"7,14",$143.982,$71.991,"3,39%"
,24/07/2025,$18.393,$1.589,7097,11573,"1,63",122,"1,72",56,11,"19,64%",5,"45,45%",2,"40,00%",$9.196,"9,24",$169.980,$84.990,"3,57%"
,25/07/2025,$21.024,$1.526,8274,13781,"1,67",132,"1,60",83,6,"7,23%",2,"33,33%",3,"150,00%",$7.008,"12,75",$267.982,$89.327,"3,61%"
,26/07/2025,$93.344,$1.605,33222,58169,"1,75",970,"2,92",400,28,"7,00%",20,"71,43%",6,"30,00%",$15.557,"6,10",$569.433,$94.906,"1,50%"
,27/07/2025,$98.985,$1.642,32459,60270,"1,86",1136,"3,50",437,30,"6,86%",18,"60,00%",4,"22,22%",$24.746,"3,55",$351.771,$87.943,"0,92%"
,28/07/2025,$94.053,$1.504,38182,62515,"1,64",917,"2,40",418,49,"11,72%",34,"69,39%",10,"29,41%",$9.405,"11,38",$1.069.931,$106.993,"2,39%"
,29/07/2025,$85.869,$1.599,35931,53689,"1,49",628,"1,75",308,9,"2,92%",6,"66,67%",5,"83,33%",$17.174,"5,30",$454.960,$90.992,"1,62%"
,30/07/2025,$100.405,$1.528,45206,65727,"1,45",850,"1,88",371,21,"5,66%",10,"47,62%",4,"40,00%",$25.101,"3,21",$322.461,$80.615,"1,08%"
,31/07/2025,$83.722,$1.558,38004,53726,"1,41",652,"1,72",325,20,"6,15%",10,"50,00%",8,"80,00%",$10.465,"8,43",$705.443,$88.180,"2,46%"
,,,,,,,,,,,,,,,,,,,,
,TOTAL,$963.704,$1.584,,,,,"1,73",,,,,,79,,$12.577,"9,54",$6.982.649,$81.179,"3,03%"
,,,,,,,,,,,,,,,,,,,,
,,,,,,,,,,,,,,,,,,,,
AGOSTO,1/08/2025,$79.963,$1.572,38156,50874,"1,33",574,"1,50",276,15,"5,43%",10,"66,67%",4,"40,00%",$19.991,"4,03",$322.461,$80.615,"1,45%"
,2/08/2025,$110.078,$1.843,46956,59714,"1,27",643,"1,37",358,27,"7,54%",18,"66,67%",6,"33,33%",$18.346,"4,61",$507.754,$84.626,"1,68%"
,3/08/2025,$113.938,$1.402,59717,81286,"1,36",832,"1,39",406,16,"3,94%",14,"87,50%",3,"21,43%",$37.979,"1,93",$220.247,$73.416,"0,74%"
,4/08/2025,$111.646,$1.423,54146,78468,"1,45",981,"1,81",442,30,"6,79%",22,"73,33%",12,"54,55%",$9.304,"8,77",$979.387,$81.616,"2,71%"
,5/08/2025,$115.681,$1.792,37947,64568,"1,70",734,"1,93",309,19,"6,15%",16,"84,21%",7,"43,75%",$16.526,"5,70",$659.550,$94.221,"2,27%"
,6/08/2025,$113.419,$1.697,41062,66847,"1,63",910,"2,22",333,34,"10,21%",19,"55,88%",8,"42,11%",$14.177,"6,99",$793.222,$99.153,"2,40%"
,7/08/2025,$115.961,$1.751,39847,66223,"1,66",717,"1,80",282,10,"3,55%",8,"80,00%",3,"37,50%",$38.654,"2,38",$276.481,$92.160,"1,06%"
,8/08/2025,$109.372,$1.804,35952,60634,"1,69",653,"1,82",259,20,"7,72%",11,"55,00%",4,"36,36%",$27.343,"2,62",$286.463,$71.616,"1,54%"
,9/08/2025,$109.443,$1.724,39335,63481,"1,61",636,"1,62",281,16,"5,69%",13,"81,25%",6,"46,15%",$18.241,"4,95",$541.462,$90.244,"2,14%"
,10/08/2025,$120.261,$1.688,47072,71258,"1,51",785,"1,67",311,24,"7,72%",17,"70,83%",6,"35,29%",$20.043,"4,57",$549.453,$91.576,"1,93%"
,11/08/2025,$125.263,$1.566,54934,79998,"1,46",982,"1,79",355,29,"8,17%",16,"55,17%",7,"43,75%",$17.895,"5,05",$632.225,$90.318,"1,97%"
,12/08/2025,$121.865,$1.814,43660,67195,"1,54",735,"1,68",347,23,"6,63%",17,"73,91%",5,"29,41%",$24.373,"4,38",$533.441,$106.688,"1,44%"
,13/08/2025,$122.036,$1.479,57493,82536,"1,44",753,"1,31",348,24,"6,90%",10,"41,67%",4,"40,00%",$30.509,"2,98",$363.461,$90.865,"1,15%"
,14/08/2025,$119.036,$1.716,49680,69357,"1,40",811,"1,63",257,22,"8,56%",11,"50,00%",7,"63,64%",$17.005,"5,39",$642.027,$91.718,"2,72%"
,15/08/2025,$116.363,$1.698,48770,68539,"1,41",731,"1,50",296,15,"5,07%",8,"53,33%",3,"37,50%",$38.788,"2,05",$238.049,$79.350,"1,01%"
,16/08/2025,$122.833,$1.823,50027,67367,"1,35",686,"1,37",330,17,"5,15%",12,"70,59%",2,"16,67%",$61.417,"1,70",$209.041,$104.521,"0,61%"
,17/08/2025,$117.308,$1.760,47542,66650,"1,40",710,"1,49",330,23,"6,97%",12,"52,17%",7,"58,33%",$16.758,"4,95",$580.431,$82.919,"2,12%"
,18/08/2025,$144.611,$1.584,69911,91287,"1,31",1047,"1,50",340,25,"7,35%",15,"60,00%",7,"46,67%",$20.659,"4,72",$682.062,$97.437,"2,06%"
,19/08/2025,$125.497,$1.609,57484,77978,"1,36",849,"1,48",269,24,"8,92%",20,"83,33%",10,"50,00%",$12.550,"6,94",$871.405,$87.141,"3,72%"
,20/08/2025,$124.216,$1.669,49000,74411,"1,52",768,"1,57",234,13,"5,56%",7,"53,85%",3,"42,86%",$41.405,"1,95",$241.882,$80.627,"1,28%"
,21/08/2025,$121.357,$1.693,48558,71695,"1,48",701,"1,44",241,22,"9,13%",13,"59,09%",5,"38,46%",$24.271,"3,97",$481.251,$96.250,"2,07%"
,22/08/2025,$110.196,$1.777,43265,62006,"1,43",586,"1,35",169,20,"11,83%",10,"50,00%",3,"30,00%",$36.732,"2,60",$286.970,$95.657,"1,78%"
,23/08/2025,$142.994,$1.416,75467,100952,"1,34",1026,"1,36",297,22,"7,41%",12,"54,55%",4,"33,33%",$35.749,"2,20",$314.463,$78.616,"1,35%"
,24/08/2025,$139.102,$1.717,52254,81024,"1,55",747,"1,43",251,17,"6,77%",11,"64,71%",4,"36,36%",$34.775,"2,11",$293.437,$73.359,"1,59%"
,25/08/2025,$130.127,$1.809,43395,71919,"1,66",659,"1,52",233,25,"10,73%",18,"72,00%",9,"50,00%",$14.459,"6,74",$877.603,$97.511,"3,86%"
,26/08/2025,$135.101,$1.878,42160,71935,"1,71",640,"1,52",226,15,"6,64%",12,"80,00%",5,"41,67%",$27.020,"3,75",$506.142,$101.228,"2,21%"
,27/08/2025,$133.719,$1.978,43411,67591,"1,56",552,"1,27",182,15,"8,24%",4,"26,67%",1,"25,00%",$133.719,"1,20",$160.182,$160.182,"0,55%"
,28/08/2025,$132.282,$1.980,42387,66804,"1,58",516,"1,22",177,12,"6,78%",5,"41,67%",6,"120,00%",$22.047,"4,82",$637.335,$106.223,"3,39%"
,29/08/2025,$131.668,$1.829,52035,71982,"1,38",568,"1,09",187,21,"11,23%",11,"52,38%",5,"45,45%",$26.334,"3,96",$522.052,$104.410,"2,67%"
,30/08/2025,$132.501,$1.778,55171,74527,"1,35",670,"1,21",226,18,"7,96%",8,"44,44%",7,"87,50%",$18.929,"4,94",$653.930,$93.419,"3,10%"
,31/08/2025,$139.598,$1.665,56583,83847,"1,48",693,"1,22",275,25,"9,09%",16,"64,00%",7,"43,75%",$19.943,"4,76",$664.102,$94.872,"2,55%"
,,,,,,,,,,,,,,,,,,,,
,TOTAL,$3.787.435,$1.708,,,,,"1,52",,,,,,170,,$28.901,"4,12",$15.527.971,$92.663,"1,97%"
,,,,,,,,,,,,,,,,,,,,
,,,,,,,,,,,,,,,,,,,,
SEPTIEMBRE,1/09/2025,$137.243,$1.518,56427,90423,"1,60",692,"1,23",261,23,"8,81%",8,"34,78%",10,"125,00%",$13.724,"6,24",$856.405,$85.641,"3,83%"
,2/09/2025,$135.053,$1.755,50628,76962,"1,52",603,"1,19",234,15,"6,41%",15,"100,00%",2,"13,33%",$67.526,"1,19",$160.182,$80.091,"0,85%"
,3/09/2025,$131.788,$1.938,40338,67987,"1,69",502,"1,24",146,22,"15,07%",13,"59,09%",5,"38,46%",$26.358,"3,71",$489.362,$97.872,"3,42%"
,4/09/2025,$126.416,$2.016,37430,62694,"1,67",484,"1,29",130,22,"16,92%",12,"54,55%",5,"41,67%",$25.283,"3,31",$418.253,$83.651,"3,85%"
,5/09/2025,$132.401,$1.919,41560,68994,"1,66",512,"1,23",152,29,"19,08%",21,"72,41%",8,"38,10%",$16.550,"5,27",$698.324,$87.291,"5,26%"
,6/09/2025,$131.770,$1.859,45521,70864,"1,56",583,"1,28",175,18,"10,29%",12,"66,67%",9,"75,00%",$14.641,"6,28",$827.314,$91.924,"5,14%"
,7/09/2025,$144.819,$1.886,47788,76788,"1,61",588,"1,23",151,29,"19,21%",20,"68,97%",7,"35,00%",$20.688,"3,98",$575.679,$82.240,"4,64%"
,8/09/2025,$144.794,$1.635,57161,88570,"1,55",685,"1,20",147,24,"16,33%",14,"58,33%",6,"42,86%",$24.132,"3,69",$534.042,$89.007,"4,08%"
,9/09/2025,$179.544,$1.769,58082,101510,"1,75",818,"1,41",233,31,"13,30%",25,"80,65%",12,"48,00%",$14.962,"6,87",$1.233.347,$102.779,"5,15%"
,10/09/2025,$186.220,$1.754,61042,106143,"1,74",785,"1,29",202,32,"15,84%",16,"50,00%",9,"56,25%",$20.691,"4,74",$882.697,$98.077,"4,46%"
,11/09/2025,$200.067,$1.683,74455,118868,"1,60",863,"1,16",183,26,"14,21%",13,"50,00%",6,"46,15%",$33.344,"2,75",$549.451,$91.575,"3,28%"
,12/09/2025,$213.216,$1.668,78931,127818,"1,62",1022,"1,29",205,28,"13,66%",13,"46,43%",6,"46,15%",$35.536,"2,42",$516.142,$86.024,"2,93%"
,13/09/2025,$219.290,$1.554,91168,141102,"1,55",1125,"1,23",189,28,"14,81%",17,"60,71%",6,"35,29%",$36.548,"2,41",$528.951,$88.159,"3,17%"
,14/09/2025,$232.954,$1.321,133274,176337,"1,32",1452,"1,09",212,40,"18,87%",30,"75,00%",11,"36,67%",$21.178,"4,39",$1.022.421,$92.947,"5,19%"
,15/09/2025,$252.052,$1.636,94468,154058,"1,63",1286,"1,36",228,42,"18,42%",19,"45,24%",8,"42,11%",$31.506,"2,90",$731.132,$91.392,"3,51%"
,16/09/2025,$209.263,$1.825,64201,114693,"1,79",850,"1,32",223,21,"9,42%",14,"66,67%",6,"42,86%",$34.877,"2,50",$522.808,$87.135,"2,69%"
,17/09/2025,$190.363,$1.683,66285,113102,"1,71",919,"1,39",197,26,"13,20%",14,"53,85%",9,"64,29%",$21.151,"4,12",$783.628,$87.070,"4,57%"
,18/09/2025,$189.841,$1.841,57847,103095,"1,78",756,"1,31",177,33,"18,64%",24,"72,73%",9,"37,50%",$21.093,"4,09",$776.237,$86.249,"5,08%"
,19/09/2025,$200.141,$1.728,71090,115808,"1,63",812,"1,14",181,24,"13,26%",10,"41,67%",3,"30,00%",$66.714,"1,41",$282.481,$94.160,"1,66%"
,20/09/2025,$204.490,$1.641,83040,124608,"1,50",930,"1,12",154,18,"11,69%",6,"33,33%",4,"66,67%",$51.122,"1,65",$338.061,$84.515,"2,60%"
,21/09/2025,$183.851,$1.490,82135,123356,"1,50",940,"1,14",168,27,"16,07%",11,"40,74%",2,"18,18%",$91.925,"1,31",$240.273,$120.137,"1,19%"
,22/09/2025,$145.413,$1.836,42359,79190,"1,87",529,"1,25",132,22,"16,67%",14,"63,64%",5,"35,71%",$29.083,"2,99",$434.851,$86.970,"3,79%"
,23/09/2025,$161.228,$1.882,41274,85670,"2,08",543,"1,32",276,16,"5,80%",13,"81,25%",9,"69,23%",$17.914,"4,89",$788.812,$87.646,"3,26%"
,24/09/2025,$230.953,$1.662,90165,138969,"1,54",1105,"1,23",355,44,"12,39%",19,"43,18%",6,"31,58%",$38.492,"2,18",$502.509,$83.752,"1,69%"
,25/09/2025,$214.778,$2.023,43278,106182,"2,45",888,"2,05",226,41,"18,14%",13,"31,71%",6,"46,15%",$35.796,"2,51",$540.052,$90.009,"2,65%"
,26/09/2025,$212.798,$1.814,57616,117283,"2,04",984,"1,71",138,26,"18,84%",12,"46,15%",5,"41,67%",$42.560,"1,90",$404.852,$80.970,"3,62%"
,27/09/2025,$249.379,$1.923,59594,129654,"2,18",892,"1,50",184,31,"16,85%",15,"48,39%",5,"33,33%",$49.876,"1,70",$424.951,$84.990,"2,72%"
,28/09/2025,$188.782,$1.731,67933,109040,"1,61",713,"1,05",100,22,"22,00%",12,"54,55%",7,"58,33%",$26.969,"3,37",$635.598,$90.800,"7,00%"
,29/09/2025,$184.280,$1.916,51797,96179,"1,86",662,"1,28",137,35,"25,55%",19,"54,29%",9,"47,37%",$20.476,"4,83",$890.965,$98.996,"6,57%"
,30/09/2025,$174.018,$2.315,36114,75185,"2,08",578,"1,60",156,37,"23,72%",13,"35,14%",12,"92,31%",$14.501,"6,39",$1.112.272,$92.689,"7,69%"
,,,,,,,,,,,,,,,,,,,,
,TOTAL,$5.507.203,$1.774,,,,,"1,30",,,,,,207,,$32.174,"3,53",$18.702.052,$90.159,"3,85%"
,,,,,,,,,,,,,,,,,,,,
,,,,,,,,,,,,,,,,,,,,
OCTUBRE,1/10/2025,$175.770,$1.934,46762,90875,"1,94",623,"1,33",143,17,"11,89%",9,"52,94%",4,"44,44%",$43.943,"1,92",$336.663,$84.166,"2,80%"
,2/10/2025,$164.451,$1.966,42802,83642,"1,95",627,"1,46",171,52,"30,41%",18,"34,62%",8,"44,44%",$20.556,"4,33",$711.946,$88.993,"4,68%"
,3/10/2025,$146.702,$2.187,32001,67086,"2,10",452,"1,41",142,49,"34,51%",15,"30,61%",6,"40,00%",$24.450,"3,80",$556.926,$92.821,"4,23%"
,4/10/2025,$153.535,$2.075,37632,73990,"1,97",479,"1,27",72,10,"13,89%",8,"80,00%",1,"12,50%",$153.535,"0,64",$98.699,$98.699,"1,39%"
,5/10/2025,$182.526,$2.032,39078,89830,"2,30",746,"1,91",295,21,"7,12%",9,"42,86%",6,"66,67%",$30.421,"3,32",$606.130,$101.022,"2,03%"
,6/10/2025,$150.119,$1.960,39236,76576,"1,95",577,"1,47",270,27,"10,00%",16,"59,26%",5,"31,25%",$30.024,"3,93",$590.469,$118.094,"1,85%"
,7/10/2025,$151.021,$2.068,35594,73029,"2,05",564,"1,58",250,31,"12,40%",10,"32,26%",8,"80,00%",$18.878,"5,45",$822.634,$102.829,"3,20%"
,8/10/2025,$142.633,$2.039,35450,69939,"1,97",444,"1,25",195,38,"19,49%",18,"47,37%",6,"33,33%",$23.772,"4,67",$666.775,$111.129,"3,08%"
,9/10/2025,$167.122,$2.054,36141,81362,"2,25",548,"1,52",186,16,"8,60%",11,"68,75%",4,"36,36%",$41.780,"2,19",$365.200,$91.300,"2,15%"
,10/10/2025,$178.682,$2.386,32856,74894,"2,28",597,"1,82",202,24,"11,88%",14,"58,33%",4,"28,57%",$44.670,"2,42",$432.550,$108.138,"1,98%"
,11/10/2025,$177.206,$2.267,33606,78181,"2,33",537,"1,60",172,12,"6,98%",8,"66,67%",3,"37,50%",$59.069,"1,53",$271.424,$90.475,"1,74%"
,12/10/2025,$180.782,$2.140,39023,84459,"2,16",491,"1,26",149,12,"8,05%",6,"50,00%",4,"66,67%",$45.196,"2,32",$419.544,$104.886,"2,68%"
,13/10/2025,$188.742,$1.963,46164,96156,"2,08",598,"1,30",200,29,"14,50%",15,"51,72%",6,"40,00%",$31.457,"3,15",$595.170,$99.195,"3,00%"
,14/10/2025,$290.853,$1.920,88283,151512,"1,72",1016,"1,15",422,54,"12,80%",21,"38,89%",8,"38,10%",$36.357,"2,64",$767.534,$95.942,"1,90%"
,15/10/2025,$292.449,$2.258,63561,129538,"2,04",915,"1,44",419,67,"15,99%",19,"28,36%",6,"31,58%",$48.741,"2,47",$721.141,$120.190,"1,43%"
,16/10/2025,$235.243,$2.343,47612,100398,"2,11",743,"1,56",300,21,"7,00%",14,"66,67%",2,"14,29%",$117.622,"0,76",$178.949,$89.475,"0,67%"
,17/10/2025,$154.493,$2.375,34345,65058,"1,89",495,"1,44",242,22,"9,09%",14,"63,64%",3,"21,43%",$51.498,"2,11",$325.260,$108.420,"1,24%"
,18/10/2025,$128.555,$2.622,24642,49034,"1,99",395,"1,60",215,34,"15,81%",13,"38,24%",3,"23,08%",$42.852,"2,15",$276.884,$92.295,"1,40%"
,19/10/2025,$137.720,$2.304,30992,59781,"1,93",466,"1,50",212,28,"13,21%",16,"57,14%",3,"18,75%",$45.907,"2,10",$289.364,$96.455,"1,42%"
,20/10/2025,$123.597,$2.044,33897,60468,"1,78",414,"1,22",191,22,"11,52%",10,"45,45%",4,"40,00%",$30.899,"3,32",$410.590,$102.648,"2,09%"
,21/10/2025,$128.434,$2.278,28006,56382,"2,01",400,"1,43",228,17,"7,46%",11,"64,71%",3,"27,27%",$42.811,"1,54",$198.109,$66.036,"1,32%"
,22/10/2025,$137.344,$2.300,34334,59705,"1,74",369,"1,07",235,29,"12,34%",10,"34,48%",7,"70,00%",$19.621,"5,59",$767.275,$109.611,"2,98%"
,23/10/2025,$119.718,$2.372,29546,50479,"1,71",313,"1,06",179,18,"10,06%",8,"44,44%",4,"50,00%",$29.929,"3,16",$378.433,$94.608,"2,23%"
,24/10/2025,$129.388,$2.297,33211,56329,"1,70",403,"1,21",200,20,"10,00%",10,"50,00%",6,"60,00%",$21.565,"4,64",$600.178,$100.030,"3,00%"
,25/10/2025,$133.193,$2.201,35075,60507,"1,73",408,"1,16",185,9,"4,86%",7,"77,78%",,"0,00%",,,,$0,"0,00%"
,26/10/2025,$141.942,$2.072,38474,68519,"1,78",478,"1,24",180,31,"17,22%",8,"25,81%",3,"37,50%",$47.314,"2,30",$326.939,$108.980,"1,67%"
,27/10/2025,$154.153,$2.057,43833,74944,"1,71",560,"1,28",149,21,"14,09%",8,"38,10%",1,"12,50%",$154.153,"0,56",$86.626,$86.626,"0,67%"
,28/10/2025,$134.153,$2.030,41656,66083,"1,59",565,"1,36",117,27,"23,08%",9,"33,33%",5,"55,56%",$26.831,"3,79",$508.820,$101.764,"4,27%"
,29/10/2025,$506.578,$2.224,91940,227770,"2,48",2464,"2,68",1251,856,"68,43%",163,"19,04%",77,"47,24%",$6.579,"17,84",$9.036.320,$117.355,"6,16%"
,30/10/2025,$479.419,$2.609,69275,183740,"2,65",1702,"2,46",935,503,"53,80%",100,"19,88%",52,"52,00%",$9.220,"13,67",$6.552.314,$126.006,"5,56%"
,31/10/2025,$583.899,$2.767,79707,211052,"2,65",1650,"2,07",941,383,"0,40701382",77,"0,20104439",39,"0,50649351",$14.972,"7,69",$4.487.331,$115.060,"0,04144527"
,,,,,,,,,,,,,,,,,,,,
,TOTAL,$5.994.652,$2.198,,,,,"1,49",,,,,,291,,$43.821,"3,87",$32.386.197,$97.524,"2,48%"
,,,,,,,,,,,,,,,,,,,,
,,,,,,,,,,,,,,,,,,,,
NOVIEMBRE,1/11/2025,$262.015,$2.581,45127,101507,"2,25",832,"1,84",471,184,"39,07%",35,"19,02%",21,"60,00%",$12.477,"9,04",$2.368.642,$112.792,"4,46%"
,2/11/2025,$299.537,$2.407,53191,124467,"2,34",1044,"1,96",597,199,"33,33%",48,"24,12%",20,"41,67%",$14.977,"7,97",$2.387.877,$119.394,"3,35%"
,3/11/2025,$215.347,$3.612,24924,59623,"2,39",580,"2,33",337,127,"37,69%",28,"22,05%",17,"60,71%",$12.667,"8,89",$1.913.790,$112.576,"5,04%"
,4/11/2025,$198.003,$3.311,24207,59809,"2,47",607,"2,51",426,208,"48,83%",48,"23,08%",19,"39,58%",$10.421,"11,36",$2.250.193,$118.431,"4,46%"
,5/11/2025,$86.040,$3.968,8955,21684,"2,42",215,"2,40",126,81,"64,29%",16,"19,75%",14,"87,50%",$6.146,"18,28",$1.572.548,$112.325,"11,11%"
,6/11/2025,$74.714,$3.248,9798,23006,"2,35",221,"2,26",120,23,"19,17%",6,"26,09%",3,"50,00%",$24.905,"3,64",$271.782,$90.594,"2,50%"
,7/11/2025,$66.095,$2.932,10029,22545,"2,25",207,"2,06",111,38,"34,23%",11,"28,95%",6,"54,55%",$11.016,"8,93",$590.407,$98.401,"5,41%"
,8/11/2025,$65.517,$3.179,8257,20611,"2,50",136,"1,65",63,9,"14,29%",5,"55,56%",1,"20,00%",$65.517,"1,48",$97.238,$97.238,"1,59%"
,9/11/2025,$74.297,$2.384,13611,31171,"2,29",230,"1,69",74,17,"22,97%",2,"11,76%",1,"50,00%",$74.297,"1,53",$113.400,$113.400,"1,35%"
,10/11/2025,$81.494,$2.275,19046,35824,"1,88",284,"1,49",102,15,"14,71%",4,"26,67%",2,"50,00%",$40.747,"2,63",$213.953,$106.977,"1,96%"
,11/11/2025,$23.174,$2.306,6574,10050,"1,53",74,"1,13",23,,"0,00%",,,,,,,,$0,"0,00%"
,12/11/2025,$60.804,$2.211,15509,27504,"1,77",200,"1,29",68,11,"16,18%",3,"27,27%",,"0,00%",,,,$0,"0,00%"
,13/11/2025,$0,,0,0,"0,00",,,,,,1,,,"0,00%",,,,$0,
,14/11/2025,$0,,0,0,"0,00",,,,3,,,"0,00%",,,,,,$0,
,15/11/2025,$0,,0,0,"0,00",,,,2,,1,"50,00%",,"0,00%",,,,$0,
,16/11/2025,,,,,,,,,,,,,,,,,,,
,17/11/2025,,,,,,,,,,,,,,,,,,,
,18/11/2025,,,,,,,,,,,,,,,,,,,
,19/11/2025,,,,,,,,,,,,,,,,,,,
,20/11/2025,,,,,,,,,,,,,,,,,,,
,21/11/2025,,,,,,,,,,,,,,,,,,,
,22/11/2025,,,,,,,,,,,,,,,,,,,
,23/11/2025,,,,,,,,,,,,,,,,,,,
,24/11/2025,,,,,,,,,,,,,,,,,,,
,25/11/2025,,,,,,,,,,,,,,,,,,,
,26/11/2025,$1.172,$1.834,609,639,"1,05",6,"0,99",3,,"0,00%",,,,,,,,$0,"0,00%"
,27/11/2025,$147.140,$2.443,24638,60222,"2,44",963,"3,91",972,369,"37,96%",78,"21,14%",12,"15,38%",$12.262,"9,45",$1.390.792,$115.899,"1,23%"
,28/11/2025,$272.660,$2.141,74732,127374,"1,70",1247,"1,67",1010,326,"32,28%",67,"20,55%",18,"26,87%",$15.148,"9,17",$2.501.296,$138.961,"1,78%"
,29/11/2025,$239.085,$1.733,102345,137982,"1,35",1203,"1,18",1113,276,"24,80%",61,"22,10%",21,"34,43%",$11.385,"13,37",$3.197.619,$152.268,"1,89%"
,30/11/2025,$248.336,$1.923,90815,129169,"1,42",1115,"1,23",1013,219,"21,62%",34,"15,53%",9,"26,47%",$27.593,"4,76",$1.182.982,$131.442,"0,89%"
,,,,,,,,,,,,,,,,,,,,
,TOTAL,$2.415.431,$2.617,,,,,"1,86",,,,,,164,,$24.254,"7,89",$20.052.518,$81.035,"0,02765954588"
,,,,,,,,,,,,,,,,,,,,
,,,,,,,,,,,,,,,,,,,,
DICIEMBRE,1/12/2025,$255.225,$1.562,125913,163442,"1,30",1432,"1,14",1337,232,"17,35%",49,"21,12%",21,"42,86%",$12.154,"10,67",$2.724.085,$129.718,"1,57%"
,2/12/2025,$206.392,$1.652,89207,124908,"1,40",1131,"1,27",1036,165,"15,93%",24,"14,55%",4,"16,67%",$51.598,"3,16",$652.161,$163.040,"0,39%"
,3/12/2025,$168.855,$1.900,58088,88877,"1,53",779,"1,34",697,129,"18,51%",30,"23,26%",11,"36,67%",$15.350,"8,63",$1.456.879,$132.444,"1,58%"
,4/12/2025,$202.122,$1.951,70924,103588,"1,46",925,"1,30",386,141,"36,53%",33,"23,40%",10,"30,30%",$20.212,"7,05",$1.424.430,$142.443,"2,59%"
,5/12/2025,$233.190,$2.113,74154,110350,"1,49",860,"1,16",315,96,"30,48%",24,"25,00%",6,"25,00%",$38.865,"3,31",$772.416,$128.736,"1,90%"
,6/12/2025,$240.253,$1.868,96559,128628,"1,33",892,"0,92",361,105,"29,09%",32,"30,48%",5,"15,63%",$48.051,"2,98",$715.821,$143.164,"1,39%"
,7/12/2025,$258.101,$2.022,82165,127635,"1,55",1021,"1,24",487,216,"44,35%",47,"21,76%",14,"29,79%",$18.436,"6,67",$1.720.575,$122.898,"2,87%"
,8/12/2025,$243.132,$1.996,74201,121812,"1,64",1038,"1,40",539,236,"43,78%",45,"19,07%",17,"37,78%",$14.302,"9,86",$2.398.187,$141.070,"3,15%"
,9/12/2025,$288.558,$1.958,86527,147346,"1,70",996,"1,15",482,177,"36,72%",44,"24,86%",14,"31,82%",$20.611,"6,17",$1.780.504,$127.179,"2,90%"
,10/12/2025,$279.268,$1.812,105619,154081,"1,46",1024,"0,97",416,170,"40,87%",39,"22,94%",10,"25,64%",$27.927,"4,52",$1.263.607,$126.361,"2,40%"
,11/12/2025,$368.176,$1.702,150988,216369,"1,43",1454,"0,96",520,129,"24,81%",27,"20,93%",7,"25,93%",$52.597,"2,31",$848.744,$121.249,"1,35%"
,12/12/2025,$275.632,$1.791,101439,153939,"1,52",1154,"1,14",381,127,"33,33%",31,"24,41%",8,"25,81%",$34.454,"3,38",$931.816,$116.477,"2,10%"
,13/12/2025,$358.566,$1.553,164536,230890,"1,40",1292,"0,79",437,127,"29,06%",27,"21,26%",9,"33,33%",$39.841,"3,00",$1.076.595,$119.622,"2,06%"
,14/12/2025,$402.102,$1.872,148314,214751,"1,45",1650,"1,11",628,159,"25,32%",29,"18,24%",11,"37,93%",$36.555,"3,51",$1.412.317,$128.392,"1,75%"
,15/12/2025,$312.178,$2.270,73631,137501,"1,87",1115,"1,51",522,219,"41,95%",46,"21,00%",11,"23,91%",$28.380,"4,44",$1.387.305,$126.119,"2,11%"
,16/12/2025,$345.520,$2.716,53731,127212,"2,37",1074,"2,00",477,226,"47,38%",44,"19,47%",17,"38,64%",$20.325,"5,86",$2.025.191,$119.129,"3,56%"
,17/12/2025,$178.298,$2.879,30038,61920,"2,06",508,"1,69",202,102,"50,50%",23,"22,55%",5,"21,74%",$35.660,"3,98",$709.826,$141.965,"2,48%"
,18/12/2025,$158.563,$2.564,27565,61836,"2,24",384,"1,39",22,81,"368,18%",18,"22,22%",10,"55,56%",$15.856,"7,15",$1.133.362,$113.336,"45,45%"
,19/12/2025,$174.537,$3.100,20328,56300,"2,77",433,"2,13",31,137,"441,94%",20,"14,60%",11,"55,00%",$15.867,"7,38",$1.288.485,$117.135,"35,48%"
,20/12/2025,$174.441,$2.700,27453,64604,"2,35",540,"1,97",31,121,"390,32%",20,"16,53%",8,"40,00%",$21.805,"5,58",$973.764,$121.721,"25,81%"
,21/12/2025,$175.182,$2.531,29173,69223,"2,37",538,"1,84",16,93,"581,25%",15,"16,13%",6,"40,00%",$29.197,"4,11",$719.270,$119.878,"37,50%"
,22/12/2025,$172.124,$2.583,23975,66625,"2,78",547,"2,28",12,91,"758,33%",17,"18,68%",11,"64,71%",$15.648,"7,27",$1.252.035,$113.821,"91,67%"
,23/12/2025,$179.332,$2.343,31288,76534,"2,45",547,"1,75",20,101,"505,00%",20,"19,80%",6,"30,00%",$29.889,"3,69",$661.577,$110.263,"30,00%"
,24/12/2025,$147.850,$2.273,28604,65046,"2,27",403,"1,41",9,25,"277,78%",5,"20,00%",5,"100,00%",$29.570,"3,95",$584.021,$116.804,"55,56%"
,25/12/2025,$164.015,$1.992,36583,82350,"2,25",540,"1,48",24,76,"316,67%",16,"21,05%",9,"56,25%",$18.224,"6,30",$1.033.172,$114.797,"37,50%"
,26/12/2025,$165.100,$1.750,49796,94356,"1,89",565,"1,13",20,75,"375,00%",15,"20,00%",5,"33,33%",$33.020,"3,47",$573.487,$114.697,"25,00%"
,27/12/2025,$184.310,$1.774,50315,103869,"2,06",547,"1,09",18,95,"527,78%",20,"21,05%",12,"60,00%",$15.359,"7,08",$1.305.632,$108.803,"66,67%"
,28/12/2025,$197.843,$1.756,58239,112656,"1,93",650,"1,12",24,88,"366,67%",16,"18,18%",4,"25,00%",$49.461,"2,47",$488.547,$122.137,"16,67%"
,29/12/2025,$113.008,$2.075,25653,54458,"2,12",356,"1,39",16,67,"418,75%",12,"17,91%",8,"66,67%",$14.126,"8,96",$1.012.926,$126.616,"50,00%"
,30/12/2025,$106.236,$2.093,22851,50763,"2,22",287,"1,26",7,32,"457,14%",5,"15,63%",3,"60,00%",$35.412,"3,19",$339.373,$113.124,"42,86%"
,31/12/2025,$99.163,$2.027,24601,48923,"1,99",253,"1,03",3,17,"5,66666667",3,"0,17647059",1,"0,33333333",$99.163,"1,41",$139.980,$139.980,"0,33333333"
,,,,,,,,,,,,,,,,,,,,
,TOTAL,$6.572.047,$2.103,,,,,"1,37",,,,,,279,,$30.255,"5,21",$34.806.090,$125.262,"20,31%"
,,,,,,,,,,,,,,,,,,,,
,,,,,,,,,,,,,,,,,,,,
ENERO,1/01/2026,$116.129,$1.567,37951,74118,"1,95",398,"1,05",7,29,"414,29%",6,"20,69%",3,"50,00%",$38.710,"3,01",$349.252,$116.417,"42,86%"
,2/01/2026,$120.659,$1.659,41755,72739,"1,74",371,"0,89",15,61,"406,67%",13,"21,31%",7,"53,85%",$17.237,"6,75",$814.696,$116.385,"46,67%"
,3/01/2026,$101.950,$1.604,32952,63552,"1,93",330,"1,00",13,76,"584,62%",13,"17,11%",6,"46,15%",$16.992,"8,14",$830.168,$138.361,"46,15%"
,4/01/2026,$116.546,$1.717,32930,67893,"2,06",327,"0,99",12,49,"408,33%",14,"28,57%",5,"35,71%",$23.309,"5,58",$650.596,$130.119,"41,67%"
,5/01/2026,$115.003,$1.834,31123,62707,"2,01",326,"1,05",9,65,"722,22%",11,"16,92%",10,"90,91%",$11.500,"11,87",$1.365.268,$136.527,"111,11%"
,6/01/2026,,,,,,,,,,,,,,,,,,,
,7/01/2026,,,,,,,,,,,,,,,,,,,
,8/01/2026,,,,,,,,,,,,,,,,,,,
,9/01/2026,,,,,,,,,,,,,,,,,,,
,10/01/2026,,,,,,,,,,,,,,,,,,,
,11/01/2026,,,,,,,,,,,,,,,,,,,
,12/01/2026,,,,,,,,,,,,,,,,,,,
,13/01/2026,,,,,,,,,,,,,,,,,,,
,14/01/2026,,,,,,,,,,,,,,,,,,,
,15/01/2026,,,,,,,,,,,,,,,,,,,
,16/01/2026,,,,,,,,,,,,,,,,,,,
,17/01/2026,,,,,,,,,,,,,,,,,,,
,18/01/2026,,,,,,,,,,,,,,,,,,,
,19/01/2026,,,,,,,,,,,,,,,,,,,
,20/01/2026,,,,,,,,,,,,,,,,,,,
,21/01/2026,,,,,,,,,,,,,,,,,,,
,22/01/2026,,,,,,,,,,,,,,,,,,,
,23/01/2026,,,,,,,,,,,,,,,,,,,
,24/01/2026,,,,,,,,,,,,,,,,,,,
,25/01/2026,,,,,,,,,,,,,,,,,,,
,26/01/2026,,,,,,,,,,,,,,,,,,,
,27/01/2026,,,,,,,,,,,,,,,,,,,
,28/01/2026,,,,,,,,,,,,,,,,,,,
,29/01/2026,,,,,,,,,,,,,,,,,,,
,30/01/2026,,,,,,,,,,,,,,,,,,,
,31/01/2026,,,,,,,,,,,,,,,,,,,
,,,,,,,,,,,,,,,,,,,,
,TOTAL,$454.158,$1.676,,,,,"1,00",,,,,,31,,$21.550,"7,07",$4.009.980,$127.562,"57,69%"